{
  "banner_launch": [
    {
      "id": "ca-app-pub-6887521785290583/2317079254",
      "type": "banner_admob",
      "delay_load_millis": 1000,
      "desc": "banner_admob:splash_all"
    },
    {
      "id": "ca-app-pub-6887521785290583/2100584691",
      "type": "banner_admob",
      "delay_load_millis": 1000,
      "desc": "banner_admob:nonfloor_all"
    }
  ],
  "banner_return": [
    {
      "id": "ca-app-pub-6887521785290583/7377834249",
      "type": "banner_admob",
      "delay_load_millis": 1000,
      "desc": "banner_admob:returnapp_all"
    },
    {
      "id": "ca-app-pub-6887521785290583/2100584691",
      "type": "banner_admob",
      "delay_load_millis": 1000,
      "desc": "banner_admob:nonfloor_all"
    }
  ]
}