{"placements":{"connected":{"ads":[["full_admob_4"],["full_admob_5"],["full_admob_1"],["full_admob_2"]]},"return_app":{"ads":[["full_home_1"],["full_admob_3"],["full_unity_1"],["full_vungle_1"],["full_adx_1"]]},"will_disconnect":{"ads":[["native_admob_1"],["native_adx_1"],["native_adx_2"]]},"connected_inner":{"ads":[["native_admob_1"],["native_adx_1"],["native_adx_2"]]},"go_out_server_list":{"ads":[["full_admob_1"],["full_admob_2"]]}},"timings":{"connected":{"show":{"placement":"connected"}},"connected_inner":{"show":{"placement":"connected_inner"}},"return_app":{"show":{"placement":"return_app"}},"will_disconnect":{"show":{"placement":"will_disconnect"}},"go_out_server_list":{"show":{"placement":"go_out_server_list"}},"app_launch":{"load":{"placement_config":[{"placements":{"connected":[],"connected_inner":[]}}]}},"back_to_foreground":{"load":{"placement_config":[{"placements":{"connected":[[2,3,4,5]],"will_disconnect":[],"return_apptest":[],"connected_inner":[]}}]}},"vpn_pre_connected":{"load":{"placement_config":[{"placements":{"connected":[[1,2]]}}]}},"vpn_connected":{"load":{"placement_config":[{"placements":{"will_disconnect":[],"connected":[],"connected_inner":[],"go_out_server_list":[]}}]}},"go_to_background":{"load":{"placement_config":[{"placements":{"return_app":[]}}]}},"vpn_timer_task":{"load":{"placement_config":[{"placements":{"return_app":[]}}]}}}}