{"placements":{"connected":{"ads":[["full_admob_1"],["full_admob_2"],["full_admob_3"],["full_unity_1"],["full_vungle_1"]]},"return_app":{"ads":[["full_admob_4"],["full_admob_2"],["full_admob_3"],["full_unity_1"],["full_vungle_1"]]},"will_disconnect":{"ads":[["native_admob_1"],["native_adx_1"],["native_adx_2"]]}},"timings":{"connected":{"show":{"placement":"connected"}},"return_app":{"show":{"placement":"return_app"}},"will_disconnect":{"show":{"placement":"will_disconnect"}},"app_launch":{"load":{"placement_config":[{"placements":{"connected":[[2,3,4,5]]}}]}},"back_to_foreground":{"load":{"placement_config":[{"placements":{"connected":[[2,3,4,5]],"will_disconnect":[],"return_app":[]}}]}},"vpn_pre_connected":{"load":{"placement_config":[{"placements":{"connected":[[1,2,3]]}}]}},"vpn_connected":{"load":{"placement_config":[{"placements":{"will_disconnect":[],"connected":[]}}]}},"go_to_background":{"load":{"placement_config":[{"placements":{"return_app":[]}}]}},"vpn_timer_task":{"load":{"placement_config":[{"placements":{"return_app":[]}}]}}}}